,Chi²,GainR,OneR,SU,IG,Rel,KT,PCF,Rimp,Rper,RFi,ANOVA,Mean,Rank
Pressure (millibars),5.0,1.0,1.0,7.0,1.0,1.0,2.0,6.0,1.0,1.0,1.0,8.0,2.9166666666666665,1.0
Apparent Temperature (C),2.0,3.0,3.0,5.0,3.0,3.0,3.0,5.0,3.0,3.0,3.0,1.0,3.0833333333333335,2.0
Temperature (C),4.0,2.0,2.0,4.0,2.0,2.0,4.0,4.0,4.0,4.0,4.0,2.0,3.1666666666666665,3.0
Wind Speed (km/h),3.0,5.0,5.0,6.0,5.0,5.0,7.0,2.0,2.0,2.0,2.0,4.0,4.0,4.0
Wind Bearing (degrees),1.0,4.0,4.0,8.0,4.0,4.0,1.0,1.0,5.0,5.0,5.0,7.0,4.083333333333333,5.0
Humidity,7.0,6.0,6.0,2.0,6.0,6.0,6.0,3.0,6.0,6.0,6.0,3.0,5.25,6.0
Visibility (km),6.0,7.0,7.0,3.0,7.0,7.0,5.0,7.0,7.0,7.0,7.0,5.0,6.25,7.0
Loud Cover,8.0,8.0,8.0,1.0,8.0,8.0,,,8.0,8.0,8.0,6.0,7.1,8.0
